Fecha,IP
01/09/2016 23:59,187.204.244.133
01/09/2016 23:59,187.204.244.133
01/09/2016 23:59,187.204.244.133
01/09/2016 23:59,187.204.244.133
01/09/2016 23:59,187.204.244.133
01/09/2016 23:59,177.248.173.195
01/09/2016 23:59,187.204.57.249
01/09/2016 23:59,177.248.173.195
01/09/2016 23:59,177.248.173.195
01/09/2016 23:59,177.248.173.195
01/09/2016 23:59,187.204.57.249
01/09/2016 23:59,177.248.174.3
01/09/2016 23:59,177.248.174.3
01/09/2016 23:59,187.204.57.249
01/09/2016 23:59,187.204.57.249
01/09/2016 23:59,187.204.57.249
01/09/2016 23:59,187.204.57.249
01/09/2016 23:58,177.248.174.3
01/09/2016 23:58,187.204.124.244
01/09/2016 23:58,177.248.166.255
01/09/2016 23:58,187.204.57.249
01/09/2016 23:58,187.204.57.249
01/09/2016 23:58,187.204.57.249
01/09/2016 23:58,187.204.57.249
01/09/2016 23:58,187.204.57.249
01/09/2016 23:58,187.204.57.249
01/09/2016 23:58,187.204.57.249
01/09/2016 23:58,187.204.57.249
01/09/2016 23:58,187.204.57.249
01/09/2016 23:58,187.204.57.249
01/09/2016 23:58,187.204.57.249
01/09/2016 23:58,187.204.57.249
01/09/2016 23:58,177.248.166.255
01/09/2016 23:58,187.204.226.87
01/09/2016 23:58,177.248.174.3
01/09/2016 23:58,189.229.34.10
01/09/2016 23:58,187.204.57.249
01/09/2016 23:58,187.210.230.99
01/09/2016 23:57,177.248.173.195
01/09/2016 23:57,187.210.230.99
01/09/2016 23:57,187.204.57.249
01/09/2016 23:57,187.204.57.249
01/09/2016 23:57,187.204.57.249
01/09/2016 23:57,187.204.57.249
01/09/2016 23:57,189.229.34.10
01/09/2016 23:57,187.204.57.249
01/09/2016 23:57,177.248.166.255
01/09/2016 23:57,187.204.109.81
01/09/2016 23:57,177.248.166.255
01/09/2016 23:45,148.202.248.13
01/09/2016 23:45,148.202.248.13
01/09/2016 23:44,189.229.217.254
01/09/2016 23:44,189.229.217.254
01/09/2016 23:57,177.248.174.3
01/09/2016 23:57,187.204.190.30
01/09/2016 23:57,187.204.190.30
01/09/2016 23:57,177.248.173.195
01/09/2016 23:57,177.248.166.255
01/09/2016 23:57,187.204.190.30
01/09/2016 23:57,189.229.34.10
01/09/2016 23:57,187.204.124.244
01/09/2016 23:57,177.248.166.255
01/09/2016 23:57,177.248.174.3
01/09/2016 23:57,187.204.124.244
01/09/2016 23:57,189.229.34.10
01/09/2016 23:57,189.229.34.10
01/09/2016 23:57,189.229.34.10
01/09/2016 23:57,189.229.34.10
01/09/2016 23:57,189.229.34.10
01/09/2016 23:57,189.229.34.10
01/09/2016 23:57,177.248.174.3
01/09/2016 23:57,189.229.183.207
01/09/2016 23:56,177.248.174.166
01/09/2016 23:56,189.229.183.207
01/09/2016 23:56,187.204.226.87
01/09/2016 23:56,187.204.124.244
01/09/2016 23:30,148.202.248.13
01/09/2016 23:30,148.202.248.13
01/09/2016 23:30,148.202.248.13
01/09/2016 23:30,148.202.248.13
01/09/2016 23:30,148.202.248.13
01/09/2016 23:30,148.202.248.13
01/09/2016 23:30,148.202.248.13
01/09/2016 23:30,148.202.248.13
01/09/2016 23:30,148.202.248.13
01/09/2016 23:30,148.202.248.13
01/09/2016 23:30,148.202.248.13
01/09/2016 23:30,148.202.248.13
01/09/2016 23:30,148.202.248.13
01/09/2016 23:30,148.202.248.13
01/09/2016 23:30,148.202.248.13
01/09/2016 23:30,148.202.248.13
01/09/2016 23:56,187.204.226.87
01/09/2016 23:56,187.204.124.244
01/09/2016 22:59,187.204.226.87
01/09/2016 22:59,187.204.226.87
01/09/2016 22:59,187.204.226.87
01/09/2016 22:58,189.229.218.18
01/09/2016 22:58,187.204.215.13
01/09/2016 22:58,187.210.230.79
01/09/2016 22:58,189.229.218.18
01/09/2016 22:58,187.210.230.79
01/09/2016 22:58,201.150.232.2
01/09/2016 22:58,187.192.145.139
01/09/2016 22:58,187.144.33.254
01/09/2016 22:58,187.210.230.79
01/09/2016 22:58,201.150.232.2
01/09/2016 22:58,187.210.230.79
01/09/2016 22:58,189.229.66.85
01/09/2016 22:58,187.144.33.254
01/09/2016 22:58,187.144.33.254
01/09/2016 22:58,187.144.33.254
01/09/2016 22:58,187.192.145.139
01/09/2016 22:58,189.229.66.85
01/09/2016 22:58,201.150.232.2
01/09/2016 22:58,177.248.174.86
01/09/2016 22:58,177.248.174.86
01/09/2016 22:58,177.248.174.86
01/09/2016 22:58,177.248.174.86
01/09/2016 22:58,189.229.221.245
01/09/2016 22:58,177.248.174.86
01/09/2016 22:58,177.248.174.86
01/09/2016 22:58,187.204.66.36
01/09/2016 22:58,201.150.232.2
01/09/2016 22:58,187.204.66.36
01/09/2016 22:58,187.204.66.36
01/09/2016 22:58,189.229.170.55
01/09/2016 22:58,189.229.170.55
01/09/2016 22:58,189.229.170.55
01/09/2016 22:58,189.229.170.55
01/09/2016 22:58,189.229.170.55
01/09/2016 22:58,189.229.65.103
01/09/2016 22:58,187.192.145.139
01/09/2016 22:58,187.192.145.139
01/09/2016 22:58,187.192.145.139
01/09/2016 22:58,187.192.145.139
01/09/2016 22:58,187.192.145.139
01/09/2016 22:58,187.192.145.139
01/09/2016 22:58,201.150.232.2
01/09/2016 22:58,201.150.232.2
01/09/2016 22:58,189.229.29.10
01/09/2016 22:58,187.144.25.61
01/09/2016 22:58,187.144.25.61
01/09/2016 22:58,187.144.25.61
01/09/2016 22:58,187.144.25.61
01/09/2016 22:58,187.144.25.61
01/09/2016 22:58,187.144.25.61
01/09/2016 22:58,189.229.170.55
01/09/2016 22:58,189.229.170.55
01/09/2016 22:58,189.229.170.55
01/09/2016 22:58,189.229.170.55
01/09/2016 22:58,189.229.75.220
01/09/2016 22:58,189.229.29.10
01/09/2016 22:58,187.204.180.77
01/09/2016 22:58,189.229.218.18
01/09/2016 22:58,189.229.218.18
01/09/2016 22:58,187.204.226.87
01/09/2016 22:58,187.204.226.87
01/09/2016 21:58,189.229.17.93
01/09/2016 21:58,187.144.13.36
01/09/2016 21:58,177.248.172.126
01/09/2016 21:58,187.204.153.164
01/09/2016 21:58,189.229.170.5
01/09/2016 21:58,177.248.164.255
01/09/2016 21:58,187.204.226.87
01/09/2016 21:58,189.229.196.146
01/09/2016 21:58,189.229.59.167
01/09/2016 21:58,177.248.164.255
01/09/2016 21:58,187.204.164.214
01/09/2016 21:58,177.248.171.77
01/09/2016 21:58,177.248.162.161
01/09/2016 21:58,189.229.29.10
01/09/2016 21:58,177.248.175.30
01/09/2016 21:58,189.229.170.5
01/09/2016 21:57,187.204.153.164
01/09/2016 21:57,177.248.172.126
01/09/2016 21:57,187.204.164.214
01/09/2016 21:57,189.229.17.93
01/09/2016 21:57,189.229.170.5
01/09/2016 21:57,189.229.170.5
01/09/2016 21:57,187.204.164.214
01/09/2016 21:57,187.204.164.214
01/09/2016 21:57,187.204.153.164
01/09/2016 21:57,177.248.160.0
01/09/2016 21:57,177.248.175.30
01/09/2016 21:57,177.248.172.150
01/09/2016 21:57,177.248.172.150
01/09/2016 21:57,189.229.170.5
01/09/2016 21:57,177.248.175.30
01/09/2016 21:57,187.204.226.87
01/09/2016 21:57,187.204.226.87
01/09/2016 21:57,189.229.59.167
01/09/2016 21:57,189.229.196.146
01/09/2016 21:57,189.229.170.5
01/09/2016 21:57,189.229.59.167
01/09/2016 21:57,189.229.29.10
01/09/2016 21:57,189.229.175.157
01/09/2016 21:57,177.248.165.125
01/09/2016 21:57,187.204.151.252
01/09/2016 21:57,187.204.153.164
01/09/2016 21:57,189.229.196.146
01/09/2016 21:57,189.229.173.206
01/09/2016 21:57,189.229.196.146
01/09/2016 21:57,189.229.196.146
01/09/2016 21:57,189.229.196.146
01/09/2016 21:57,189.229.29.10
01/09/2016 21:57,189.229.196.146
01/09/2016 21:57,189.229.173.206
01/09/2016 21:57,177.248.175.30
01/09/2016 21:57,189.229.196.146
01/09/2016 21:57,189.229.196.146
01/09/2016 21:57,189.229.196.146
01/09/2016 21:57,177.248.164.144
01/09/2016 20:32,10.224.32.248
01/09/2016 20:31,10.224.32.248
01/09/2016 20:31,10.224.32.248
01/09/2016 20:28,10.224.32.248
01/09/2016 20:28,10.224.32.248
01/09/2016 20:04,10.224.37.130
01/09/2016 20:04,10.224.37.130
01/09/2016 20:04,10.224.37.130
01/09/2016 20:05,177.248.173.69
01/09/2016 20:05,187.204.236.244
01/09/2016 20:05,189.229.79.181
01/09/2016 20:05,187.204.152.122
01/09/2016 20:05,187.204.152.122
01/09/2016 20:05,189.229.79.181
01/09/2016 20:05,189.229.167.52
01/09/2016 20:05,187.204.236.244
01/09/2016 20:05,187.204.152.122
01/09/2016 20:05,177.248.169.107
01/09/2016 20:05,187.204.152.122
01/09/2016 20:05,177.248.169.107
01/09/2016 20:05,189.229.167.52
01/09/2016 20:05,189.229.83.96
01/09/2016 20:05,177.248.169.183
01/09/2016 20:05,189.229.79.181
01/09/2016 20:05,189.229.79.181
01/09/2016 20:05,177.248.169.107